Job ID;Submission Time;Stage IDs;Completion Time;Job Result;Duration;spark.job.interruptOnCancel;spark.databricks.api.url;spark.rdd.scope;callSite.short;spark.rdd.scope.noOverride;spark.job.description;spark.databricks.replId;spark.jobGroup.id;spark.databricks.notebook.id;spark.databricks.isolationID;spark.databricks.inherited.credentials.keys.spark.databricks.api.token;spark.databricks.notebook.path;spark.databricks.token;spark.scheduler.pool;spark.databricks.env;Filename
1;2021-03-10 13:19:29.234;[5, 3, 4];2021-03-10 13:20:18.391;{'Result': 'JobSucceeded'};49.157;true;https://community.cloud.databricks.com;"{""id"":""15"",""name"":""collect""}";collect at <command-1341553813220844>:120;true;"user_inputs = {
  ""15M"": 5,
}

for k, v in user...";ReplId-6ef78-da213-a5c42-5;7996015390673454117_8855709065205554848_3a5a9c8cf3654a62983a59bdeeac2b1d;193306450925006;3150c5d3-42b7-4e57-803e-ca24e349e004;*********(redacted);/Users/hugo.ehlinger@polytechnique.edu/Graphs/GraphConnectedComponentsFinder;[REDACTED];7996015390673454117;databricks-python-repl;graph_15M.txt
2;2021-03-10 13:20:19.195;[9, 6, 10, 7, 8];2021-03-10 13:23:28.255;{'Result': 'JobSucceeded'};189.06;true;https://community.cloud.databricks.com;"{""id"":""31"",""name"":""collect""}";collect at <command-1341553813220844>:120;true;"user_inputs = {
  ""15M"": 5,
}

for k, v in user...";ReplId-6ef78-da213-a5c42-5;7996015390673454117_8855709065205554848_3a5a9c8cf3654a62983a59bdeeac2b1d;193306450925006;3150c5d3-42b7-4e57-803e-ca24e349e004;*********(redacted);/Users/hugo.ehlinger@polytechnique.edu/Graphs/GraphConnectedComponentsFinder;[REDACTED];7996015390673454117;databricks-python-repl;graph_15M.txt
3;2021-03-10 13:23:29.453;[15, 12, 16, 13, 17, 14, 11];2021-03-10 13:28:34.911;{'Result': 'JobSucceeded'};305.458;true;https://community.cloud.databricks.com;"{""id"":""46"",""name"":""collect""}";collect at <command-1341553813220844>:120;true;"user_inputs = {
  ""15M"": 5,
}

for k, v in user...";ReplId-6ef78-da213-a5c42-5;7996015390673454117_8855709065205554848_3a5a9c8cf3654a62983a59bdeeac2b1d;193306450925006;3150c5d3-42b7-4e57-803e-ca24e349e004;*********(redacted);/Users/hugo.ehlinger@polytechnique.edu/Graphs/GraphConnectedComponentsFinder;[REDACTED];7996015390673454117;databricks-python-repl;graph_15M.txt
4;2021-03-10 13:28:36.408;[19, 20, 24, 21, 18, 25, 22, 26, 23];2021-03-10 13:30:49.421;{'Result': 'JobSucceeded'};133.013;true;https://community.cloud.databricks.com;"{""id"":""61"",""name"":""collect""}";collect at <command-1341553813220844>:120;true;"user_inputs = {
  ""10M"": 5,
}

for k, v in user...";ReplId-6ef78-da213-a5c42-5;7996015390673454117_8496327879434620583_9973e02677e14d6c84fffda631df4636;193306450925006;3150c5d3-42b7-4e57-803e-ca24e349e004;*********(redacted);/Users/hugo.ehlinger@polytechnique.edu/Graphs/GraphConnectedComponentsFinder;[REDACTED];7996015390673454117;databricks-python-repl;graph_15M.txt
5;2021-03-10 13:30:49.839;[33, 30, 27, 37, 34, 31, 35, 32, 36, 28, 29];2021-03-10 13:31:00.346;{'Result': 'JobSucceeded'};10.507;true;https://community.cloud.databricks.com;"{""id"":""76"",""name"":""collect""}";collect at <command-1341553813220844>:120;true;"user_inputs = {
  ""10M"": 5,
}

for k, v in user...";ReplId-6ef78-da213-a5c42-5;7996015390673454117_8496327879434620583_9973e02677e14d6c84fffda631df4636;193306450925006;3150c5d3-42b7-4e57-803e-ca24e349e004;*********(redacted);/Users/hugo.ehlinger@polytechnique.edu/Graphs/GraphConnectedComponentsFinder;[REDACTED];7996015390673454117;databricks-python-repl;graph_15M.txt
6;2021-03-10 13:31:00.526;[48, 45, 49, 46, 38, 50, 42, 39, 43, 40, 47, 44, 41];2021-03-10 13:31:08.304;{'Result': 'JobSucceeded'};7.778;true;https://community.cloud.databricks.com;"{""id"":""91"",""name"":""collect""}";collect at <command-1341553813220844>:120;true;"user_inputs = {
  ""10M"": 5,
}

for k, v in user...";ReplId-6ef78-da213-a5c42-5;7996015390673454117_8496327879434620583_9973e02677e14d6c84fffda631df4636;193306450925006;3150c5d3-42b7-4e57-803e-ca24e349e004;*********(redacted);/Users/hugo.ehlinger@polytechnique.edu/Graphs/GraphConnectedComponentsFinder;[REDACTED];7996015390673454117;databricks-python-repl;graph_15M.txt
7;2021-03-10 13:31:08.586;[51, 52, 53];2021-03-10 13:31:51.072;{'Result': 'JobSucceeded'};42.486;true;https://community.cloud.databricks.com;"{""id"":""109"",""name"":""collect""}";collect at <command-1341553813220844>:36;true;"user_inputs = {
  ""10M"": 5,
}

for k, v in user...";ReplId-6ef78-da213-a5c42-5;7996015390673454117_8496327879434620583_9973e02677e14d6c84fffda631df4636;193306450925006;3150c5d3-42b7-4e57-803e-ca24e349e004;*********(redacted);/Users/hugo.ehlinger@polytechnique.edu/Graphs/GraphConnectedComponentsFinder;[REDACTED];7996015390673454117;databricks-python-repl;graph_15M.txt
8;2021-03-10 13:31:51.683;[56, 57, 54, 58, 55];2021-03-10 13:34:57.537;{'Result': 'JobSucceeded'};185.854;true;https://community.cloud.databricks.com;"{""id"":""125"",""name"":""collect""}";collect at <command-1341553813220844>:36;true;"user_inputs = {
  ""10M"": 5,
}

for k, v in user...";ReplId-6ef78-da213-a5c42-5;7996015390673454117_8496327879434620583_9973e02677e14d6c84fffda631df4636;193306450925006;3150c5d3-42b7-4e57-803e-ca24e349e004;*********(redacted);/Users/hugo.ehlinger@polytechnique.edu/Graphs/GraphConnectedComponentsFinder;[REDACTED];7996015390673454117;databricks-python-repl;graph_15M.txt
9;2021-03-10 13:34:58.718;[63, 60, 64, 61, 65, 62, 59];2021-03-10 13:39:56.149;{'Result': 'JobSucceeded'};297.431;true;https://community.cloud.databricks.com;"{""id"":""140"",""name"":""collect""}";collect at <command-1341553813220844>:36;true;"user_inputs = {
  ""10M"": 5,
}

for k, v in user...";ReplId-6ef78-da213-a5c42-5;7996015390673454117_8496327879434620583_9973e02677e14d6c84fffda631df4636;193306450925006;3150c5d3-42b7-4e57-803e-ca24e349e004;*********(redacted);/Users/hugo.ehlinger@polytechnique.edu/Graphs/GraphConnectedComponentsFinder;[REDACTED];7996015390673454117;databricks-python-repl;graph_15M.txt
10;2021-03-10 13:39:57.403;[66, 70, 67, 74, 71, 68, 72, 69, 73];2021-03-10 13:42:05.893;{'Result': 'JobSucceeded'};128.49;true;https://community.cloud.databricks.com;"{""id"":""155"",""name"":""collect""}";collect at <command-1341553813220844>:36;true;"user_inputs = {
  ""10M"": 5,
}

for k, v in user...";ReplId-6ef78-da213-a5c42-5;7996015390673454117_8496327879434620583_9973e02677e14d6c84fffda631df4636;193306450925006;3150c5d3-42b7-4e57-803e-ca24e349e004;*********(redacted);/Users/hugo.ehlinger@polytechnique.edu/Graphs/GraphConnectedComponentsFinder;[REDACTED];7996015390673454117;databricks-python-repl;graph_15M.txt
11;2021-03-10 13:42:06.285;[84, 81, 78, 85, 82, 83, 75, 79, 76, 80, 77];2021-03-10 13:42:16.792;{'Result': 'JobSucceeded'};10.507;true;https://community.cloud.databricks.com;"{""id"":""170"",""name"":""collect""}";collect at <command-1341553813220844>:36;true;"user_inputs = {
  ""10M"": 5,
}

for k, v in user...";ReplId-6ef78-da213-a5c42-5;7996015390673454117_8496327879434620583_9973e02677e14d6c84fffda631df4636;193306450925006;3150c5d3-42b7-4e57-803e-ca24e349e004;*********(redacted);/Users/hugo.ehlinger@polytechnique.edu/Graphs/GraphConnectedComponentsFinder;[REDACTED];7996015390673454117;databricks-python-repl;graph_15M.txt
12;2021-03-10 13:42:16.960;[96, 88, 89, 86, 93, 90, 87, 97, 94, 91, 98, 95, 92];2021-03-10 13:42:24.031;{'Result': 'JobSucceeded'};7.071;true;https://community.cloud.databricks.com;"{""id"":""185"",""name"":""collect""}";collect at <command-1341553813220844>:36;true;"user_inputs = {
  ""10M"": 5,
}

for k, v in user...";ReplId-6ef78-da213-a5c42-5;7996015390673454117_8496327879434620583_9973e02677e14d6c84fffda631df4636;193306450925006;3150c5d3-42b7-4e57-803e-ca24e349e004;*********(redacted);/Users/hugo.ehlinger@polytechnique.edu/Graphs/GraphConnectedComponentsFinder;[REDACTED];7996015390673454117;databricks-python-repl;graph_15M.txt
13;2021-03-10 13:42:24.304;[99, 100, 101];2021-03-10 13:43:07.135;{'Result': 'JobSucceeded'};42.831;true;https://community.cloud.databricks.com;"{""id"":""203"",""name"":""collect""}";collect at <command-1341553813220844>:78;true;"user_inputs = {
  ""10M"": 5,
}

for k, v in user...";ReplId-6ef78-da213-a5c42-5;7996015390673454117_8496327879434620583_9973e02677e14d6c84fffda631df4636;193306450925006;3150c5d3-42b7-4e57-803e-ca24e349e004;*********(redacted);/Users/hugo.ehlinger@polytechnique.edu/Graphs/GraphConnectedComponentsFinder;[REDACTED];7996015390673454117;databricks-python-repl;graph_15M.txt
14;2021-03-10 13:43:07.744;[102, 103, 104, 105, 106];2021-03-10 13:46:11.737;{'Result': 'JobSucceeded'};183.993;true;https://community.cloud.databricks.com;"{""id"":""219"",""name"":""collect""}";collect at <command-1341553813220844>:78;true;"user_inputs = {
  ""10M"": 5,
}

for k, v in user...";ReplId-6ef78-da213-a5c42-5;7996015390673454117_8496327879434620583_9973e02677e14d6c84fffda631df4636;193306450925006;3150c5d3-42b7-4e57-803e-ca24e349e004;*********(redacted);/Users/hugo.ehlinger@polytechnique.edu/Graphs/GraphConnectedComponentsFinder;[REDACTED];7996015390673454117;databricks-python-repl;graph_15M.txt
15;2021-03-10 13:46:13.032;[107, 111, 108, 112, 109, 113, 110];2021-03-10 13:51:09.100;{'Result': 'JobSucceeded'};296.068;true;https://community.cloud.databricks.com;"{""id"":""234"",""name"":""collect""}";collect at <command-1341553813220844>:78;true;"user_inputs = {
  ""10M"": 5,
}

for k, v in user...";ReplId-6ef78-da213-a5c42-5;7996015390673454117_8496327879434620583_9973e02677e14d6c84fffda631df4636;193306450925006;3150c5d3-42b7-4e57-803e-ca24e349e004;*********(redacted);/Users/hugo.ehlinger@polytechnique.edu/Graphs/GraphConnectedComponentsFinder;[REDACTED];7996015390673454117;databricks-python-repl;graph_15M.txt
16;2021-03-10 13:51:10.358;[117, 114, 121, 118, 115, 122, 119, 120, 116];2021-03-10 13:53:22.704;{'Result': 'JobSucceeded'};132.346;true;https://community.cloud.databricks.com;"{""id"":""249"",""name"":""collect""}";collect at <command-1341553813220844>:78;true;"user_inputs = {
  ""10M"": 5,
}

for k, v in user...";ReplId-6ef78-da213-a5c42-5;7996015390673454117_8496327879434620583_9973e02677e14d6c84fffda631df4636;193306450925006;3150c5d3-42b7-4e57-803e-ca24e349e004;*********(redacted);/Users/hugo.ehlinger@polytechnique.edu/Graphs/GraphConnectedComponentsFinder;[REDACTED];7996015390673454117;databricks-python-repl;graph_15M.txt
17;2021-03-10 13:53:23.098;[132, 129, 133, 125, 126, 123, 130, 127, 124, 131, 128];2021-03-10 13:53:33.712;{'Result': 'JobSucceeded'};10.614;true;https://community.cloud.databricks.com;"{""id"":""264"",""name"":""collect""}";collect at <command-1341553813220844>:78;true;"user_inputs = {
  ""15M"": 5,
}

for k, v in user...";ReplId-6ef78-da213-a5c42-5;7996015390673454117_8855709065205554848_3a5a9c8cf3654a62983a59bdeeac2b1d;193306450925006;3150c5d3-42b7-4e57-803e-ca24e349e004;*********(redacted);/Users/hugo.ehlinger@polytechnique.edu/Graphs/GraphConnectedComponentsFinder;[REDACTED];7996015390673454117;databricks-python-repl;graph_15M.txt
18;2021-03-10 13:53:33.954;[143, 135, 139, 136, 140, 137, 144, 141, 138, 145, 142, 134, 146];2021-03-10 13:53:41.583;{'Result': 'JobSucceeded'};7.629;true;https://community.cloud.databricks.com;"{""id"":""279"",""name"":""collect""}";collect at <command-1341553813220844>:78;true;"user_inputs = {
  ""15M"": 5,
}

for k, v in user...";ReplId-6ef78-da213-a5c42-5;7996015390673454117_8855709065205554848_3a5a9c8cf3654a62983a59bdeeac2b1d;193306450925006;3150c5d3-42b7-4e57-803e-ca24e349e004;*********(redacted);/Users/hugo.ehlinger@polytechnique.edu/Graphs/GraphConnectedComponentsFinder;[REDACTED];7996015390673454117;databricks-python-repl;graph_15M.txt
